{"cameraMode":{"drawMode":0,"name":"Shaded","section":"Shading Mode"},"sceneLighting":true,"audioPlay":false,"sceneViewState":{"showFog":true,"showMaterialUpdate":false,"showSkybox":true,"showFlares":true,"showImageEffects":true,"showParticleSystems":true},"in2DMode":false,"pivot":{"x":7.341699600219727,"y":-1.5588083267211915,"z":-4.498867511749268},"rotation":{"x":0.03743025287985802,"y":0.9421349167823792,"z":-0.31358346343040469,"w":0.1124558225274086},"size":8.062981605529786,"orthographic":false}